"#","صورة","اسم","سعر البيع","تم البيع","أضف خصم"
"2998","
","Smart Watches 3 SWR50","7.71","0
","أضف خصم
"
"2997","
","Smart Watches 3 SWR50","3.74","0
","أضف خصم
"
"2996","
","Smart Watches 3 SWR50","4.09","0
","أضف خصم
"
"2995","
","Smart Watches 3 SWR50","5.73","0
","أضف خصم
"
"2994","
","Smart Watches 3 SWR50","4.04","0
","أضف خصم
"
"2987","
","Smart Watches 3 SWR50","2.26","0
","أضف خصم
"
"2986","
","Smart Watches 3 SWR50","8.63","0
","أضف خصم
"
"2980","
","Smart Watches 3 SWR50","9.92","0
","أضف خصم
"
"2968","
","Smart Watches 3 SWR50","3.53","0
","أضف خصم
"
"2963","
","Smart Watches 3 SWR50","3.25","0
","أضف خصم
"
"2960","
","Smart Watches 3 SWR50","4.32","0
","أضف خصم
"
"2958","
","Smart Watches 3 SWR50","5.11","0
","أضف خصم
"
"2957","
","Smart Watches 3 SWR50","8.98","0
","أضف خصم
"
"2955","
","Smart Watches 3 SWR50","6.45","0
","أضف خصم
"
"2952","
","Smart Watches 3 SWR50","3.24","0
","أضف خصم
"
"2946","
","Smart Watches 3 SWR50","9.33","0
","أضف خصم
"
"2943","
","Smart Watches 3 SWR50","7.6","0
","أضف خصم
"
"2931","
","Smart Watches 3 SWR50","2.47","0
","أضف خصم
"
"2930","
","Smart Watches 3 SWR50","7.98","0
","أضف خصم
"
"2928","
","Smart Watches 3 SWR50","9.9","0
","أضف خصم
"
"2925","
","Smart Watches 3 SWR50","5.16","0
","أضف خصم
"
"2924","
","Smart Watches 3 SWR50","1.43","0
","أضف خصم
"
"2922","
","Smart Watches 3 SWR50","5.26","0
","أضف خصم
"
"2906","
","Smart Watches 3 SWR50","5.67","0
","أضف خصم
"
"2904","
","Smart Watches 3 SWR50","9.4","0
","أضف خصم
"
"2902","
","Smart Watches 3 SWR50","5.63","0
","أضف خصم
"
"2890","
","Smart Watches 3 SWR50","8.66","0
","أضف خصم
"
"2888","
","Smart Watches 3 SWR50","6.72","0
","أضف خصم
"
"2871","
","Smart Watches 3 SWR50","3.59","0
","أضف خصم
"
"2870","
","Smart Watches 3 SWR50","8.74","0
","أضف خصم
"
"2865","
","Smart Watches 3 SWR50","9.04","0
","أضف خصم
"
"2852","
","Smart Watches 3 SWR50","1.74","0
","أضف خصم
"
"2842","
","Smart Watches 3 SWR50","7.96","0
","أضف خصم
"
"2838","
","Smart Watches 3 SWR50","9.91","0
","أضف خصم
"
"2837","
","Smart Watches 3 SWR50","8.33","0
","أضف خصم
"
"2836","
","Smart Watches 3 SWR50","2.6","0
","أضف خصم
"
"2831","
","Smart Watches 3 SWR50","9.71","0
","أضف خصم
"
"2820","
","Smart Watches 3 SWR50","2.98","0
","أضف خصم
"
"2811","
","Smart Watches 3 SWR50","4.13","0
","أضف خصم
"
"2808","
","Smart Watches 3 SWR50","3.91","0
","أضف خصم
"
"2805","
","Smart Watches 3 SWR50","3.55","0
","أضف خصم
"
"2802","
","Smart Watches 3 SWR50","5.74","0
","أضف خصم
"
"2796","
","Smart Watches 3 SWR50","4.5","0
","أضف خصم
"
"2795","
","Smart Watches 3 SWR50","8.01","0
","أضف خصم
"
"2784","
","Smart Watches 3 SWR50","7.44","0
","أضف خصم
"
"2782","
","Smart Watches 3 SWR50","3.02","0
","أضف خصم
"
"2778","
","Smart Watches 3 SWR50","4.15","0
","أضف خصم
"
"2776","
","Smart Watches 3 SWR50","7.36","0
","أضف خصم
"
"2775","
","Smart Watches 3 SWR50","9.28","0
","أضف خصم
"
"2773","
","Smart Watches 3 SWR50","8.45","0
","أضف خصم
"
"2772","
","Smart Watches 3 SWR50","2.8","0
","أضف خصم
"
"2771","
","Smart Watches 3 SWR50","1.84","0
","أضف خصم
"
"2758","
","Smart Watches 3 SWR50","5.11","0
","أضف خصم
"
"2754","
","Smart Watches 3 SWR50","1.42","0
","أضف خصم
"
"2747","
","Smart Watches 3 SWR50","3.72","0
","أضف خصم
"
"2743","
","Smart Watches 3 SWR50","4.32","0
","أضف خصم
"
"2742","
","Smart Watches 3 SWR50","4.37","0
","أضف خصم
"
"2740","
","Smart Watches 3 SWR50","8.69","0
","أضف خصم
"
"2731","
","Smart Watches 3 SWR50","5.66","0
","أضف خصم
"
"2725","
","Smart Watches 3 SWR50","9.97","0
","أضف خصم
"
"2724","
","Smart Watches 3 SWR50","8.55","0
","أضف خصم
"
"2715","
","Smart Watches 3 SWR50","6.2","0
","أضف خصم
"
"2708","
","Smart Watches 3 SWR50","6.77","0
","أضف خصم
"
"2707","
","Smart Watches 3 SWR50","2.97","0
","أضف خصم
"
"2696","
","Smart Watches 3 SWR50","3.23","0
","أضف خصم
"
"2689","
","Smart Watches 3 SWR50","2.65","0
","أضف خصم
"
"2686","
","Smart Watches 3 SWR50","7.14","0
","أضف خصم
"
"2682","
","Smart Watches 3 SWR50","4.21","0
","أضف خصم
"
"2680","
","Smart Watches 3 SWR50","8.32","0
","أضف خصم
"
"2678","
","Smart Watches 3 SWR50","8.46","0
","أضف خصم
"
"2675","
","Smart Watches 3 SWR50","3.46","0
","أضف خصم
"
"2674","
","Smart Watches 3 SWR50","8.23","0
","أضف خصم
"
"2668","
","Smart Watches 3 SWR50","9.94","0
","أضف خصم
"
"2657","
","Smart Watches 3 SWR50","5.16","0
","أضف خصم
"
"2652","
","Smart Watches 3 SWR50","6.4","0
","أضف خصم
"
"2649","
","Smart Watches 3 SWR50","7.27","0
","أضف خصم
"
"2647","
","Smart Watches 3 SWR50","8.13","0
","أضف خصم
"
"2645","
","Smart Watches 3 SWR50","5.33","0
","أضف خصم
"
"2642","
","Smart Watches 3 SWR50","8.19","0
","أضف خصم
"
"2641","
","Smart Watches 3 SWR50","4.7","0
","أضف خصم
"
"2638","
","Smart Watches 3 SWR50","2.84","0
","أضف خصم
"
"2636","
","Smart Watches 3 SWR50","6.82","0
","أضف خصم
"
"2634","
","Smart Watches 3 SWR50","2.3","0
","أضف خصم
"
"2629","
","Smart Watches 3 SWR50","4.49","0
","أضف خصم
"
"2626","
","Smart Watches 3 SWR50","9.45","0
","أضف خصم
"
"2623","
","Smart Watches 3 SWR50","9.22","0
","أضف خصم
"
"2621","
","Smart Watches 3 SWR50","5.23","0
","أضف خصم
"
"2620","
","Smart Watches 3 SWR50","5.96","0
","أضف خصم
"
"2619","
","Smart Watches 3 SWR50","2.57","0
","أضف خصم
"
"2616","
","Smart Watches 3 SWR50","1.32","0
","أضف خصم
"
"2611","
","Smart Watches 3 SWR50","5.52","0
","أضف خصم
"
"2604","
","Smart Watches 3 SWR50","1.03","0
","أضف خصم
"
"2603","
","Smart Watches 3 SWR50","9.15","0
","أضف خصم
"
"2593","
","Smart Watches 3 SWR50","7.18","0
","أضف خصم
"
"2591","
","Smart Watches 3 SWR50","4.18","0
","أضف خصم
"
"2575","
","Smart Watches 3 SWR50","3.77","0
","أضف خصم
"
"2573","
","Smart Watches 3 SWR50","8.78","0
","أضف خصم
"
"2568","
","Smart Watches 3 SWR50","9.22","0
","أضف خصم
"
"2562","
","Smart Watches 3 SWR50","1.15","0
","أضف خصم
"
"2559","
","Smart Watches 3 SWR50","4.58","0
","أضف خصم
"
"2558","
","Smart Watches 3 SWR50","4.47","0
","أضف خصم
"
"2550","
","Smart Watches 3 SWR50","8.87","0
","أضف خصم
"
"2548","
","Smart Watches 3 SWR50","9.23","0
","أضف خصم
"
"2546","
","Smart Watches 3 SWR50","3.67","0
","أضف خصم
"
"2544","
","Smart Watches 3 SWR50","1.29","0
","أضف خصم
"
"2541","
","Smart Watches 3 SWR50","7.78","0
","أضف خصم
"
"2539","
","Smart Watches 3 SWR50","1.04","0
","أضف خصم
"
"2537","
","Smart Watches 3 SWR50","4.25","0
","أضف خصم
"
"2536","
","Smart Watches 3 SWR50","6.51","0
","أضف خصم
"
"2535","
","Smart Watches 3 SWR50","9.78","0
","أضف خصم
"
"2527","
","Smart Watches 3 SWR50","1.44","0
","أضف خصم
"
"2526","
","Smart Watches 3 SWR50","5.06","0
","أضف خصم
"
"2524","
","Smart Watches 3 SWR50","6.9","0
","أضف خصم
"
"2520","
","Smart Watches 3 SWR50","4.16","0
","أضف خصم
"
"2519","
","Smart Watches 3 SWR50","6.9","0
","أضف خصم
"
"2513","
","Smart Watches 3 SWR50","2.84","0
","أضف خصم
"
"2510","
","Smart Watches 3 SWR50","2.54","0
","أضف خصم
"
"2508","
","Smart Watches 3 SWR50","2.55","0
","أضف خصم
"
"2504","
","Smart Watches 3 SWR50","8.22","0
","أضف خصم
"
"2500","
","Smart Watches 3 SWR50","5.87","0
","أضف خصم
"
"2498","
","Smart Watches 3 SWR50","5.13","0
","أضف خصم
"
"2497","
","Smart Watches 3 SWR50","3.34","0
","أضف خصم
"
"2476","
","Smart Watches 3 SWR50","5.15","0
","أضف خصم
"
"2473","
","Smart Watches 3 SWR50","2.05","0
","أضف خصم
"
"2466","
","Smart Watches 3 SWR50","7.03","0
","أضف خصم
"
"2455","
","Smart Watches 3 SWR50","7.22","0
","أضف خصم
"
"2454","
","Smart Watches 3 SWR50","9.8","0
","أضف خصم
"
"2452","
","Smart Watches 3 SWR50","3.12","0
","أضف خصم
"
"2451","
","Smart Watches 3 SWR50","4.88","0
","أضف خصم
"
"2448","
","Smart Watches 3 SWR50","5.04","0
","أضف خصم
"
"2444","
","Smart Watches 3 SWR50","2.8","0
","أضف خصم
"
"2440","
","Smart Watches 3 SWR50","6.07","0
","أضف خصم
"
"2439","
","Smart Watches 3 SWR50","3.05","0
","أضف خصم
"
"2437","
","Smart Watches 3 SWR50","9.7","0
","أضف خصم
"
"2434","
","Smart Watches 3 SWR50","3.18","0
","أضف خصم
"
"2432","
","Smart Watches 3 SWR50","8.53","0
","أضف خصم
"
"2428","
","Smart Watches 3 SWR50","4.67","0
","أضف خصم
"
"2427","
","Smart Watches 3 SWR50","4.23","0
","أضف خصم
"
"2424","
","Smart Watches 3 SWR50","6.52","0
","أضف خصم
"
"2415","
","Smart Watches 3 SWR50","4.52","0
","أضف خصم
"
"2412","
","Smart Watches 3 SWR50","3.27","0
","أضف خصم
"
"2409","
","Smart Watches 3 SWR50","3.63","0
","أضف خصم
"
"2407","
","Smart Watches 3 SWR50","3.4","0
","أضف خصم
"
"2406","
","Smart Watches 3 SWR50","5.96","0
","أضف خصم
"
"2405","
","Smart Watches 3 SWR50","4.83","0
","أضف خصم
"
"2404","
","Smart Watches 3 SWR50","3.18","0
","أضف خصم
"
"2399","
","Smart Watches 3 SWR50","8.02","0
","أضف خصم
"
"2398","
","Smart Watches 3 SWR50","3.43","0
","أضف خصم
"
"2394","
","Smart Watches 3 SWR50","3.01","0
","أضف خصم
"
"2390","
","Smart Watches 3 SWR50","3.39","0
","أضف خصم
"
"2378","
","Smart Watches 3 SWR50","5.49","0
","أضف خصم
"
"2374","
","Smart Watches 3 SWR50","3.97","0
","أضف خصم
"
"2368","
","Smart Watches 3 SWR50","8.95","0
","أضف خصم
"
"2363","
","Smart Watches 3 SWR50","4.69","0
","أضف خصم
"
"2359","
","Smart Watches 3 SWR50","8.91","0
","أضف خصم
"
"2357","
","Smart Watches 3 SWR50","1.48","0
","أضف خصم
"
"2354","
","Smart Watches 3 SWR50","5.18","0
","أضف خصم
"
"2353","
","Smart Watches 3 SWR50","1.22","0
","أضف خصم
"
"2343","
","Smart Watches 3 SWR50","1.96","0
","أضف خصم
"
"2339","
","Smart Watches 3 SWR50","7.1","0
","أضف خصم
"
"2335","
","Smart Watches 3 SWR50","3","0
","أضف خصم
"
"2332","
","Smart Watches 3 SWR50","4.04","0
","أضف خصم
"
"2331","
","Smart Watches 3 SWR50","7.53","0
","أضف خصم
"
"2330","
","Smart Watches 3 SWR50","5.5","0
","أضف خصم
"
"2328","
","Smart Watches 3 SWR50","2.66","0
","أضف خصم
"
"2327","
","Smart Watches 3 SWR50","4.71","0
","أضف خصم
"
"2326","
","Smart Watches 3 SWR50","9.57","0
","أضف خصم
"
"2325","
","Smart Watches 3 SWR50","1.36","0
","أضف خصم
"
"2324","
","Smart Watches 3 SWR50","5.55","0
","أضف خصم
"
"2321","
","Smart Watches 3 SWR50","7.36","0
","أضف خصم
"
"2320","
","Smart Watches 3 SWR50","2.65","0
","أضف خصم
"
"2316","
","Smart Watches 3 SWR50","2.25","0
","أضف خصم
"
"2314","
","Smart Watches 3 SWR50","3.09","0
","أضف خصم
"
"2312","
","Smart Watches 3 SWR50","4.93","0
","أضف خصم
"
"2310","
","Smart Watches 3 SWR50","6.47","0
","أضف خصم
"
"2302","
","Smart Watches 3 SWR50","9.03","0
","أضف خصم
"
"2299","
","Smart Watches 3 SWR50","9.18","0
","أضف خصم
"
"2298","
","Smart Watches 3 SWR50","2.72","0
","أضف خصم
"
"2297","
","Smart Watches 3 SWR50","7.3","0
","أضف خصم
"
"2295","
","Smart Watches 3 SWR50","3.51","0
","أضف خصم
"
"2289","
","Smart Watches 3 SWR50","7.48","0
","أضف خصم
"
"2283","
","Smart Watches 3 SWR50","3.25","0
","أضف خصم
"
"2282","
","Smart Watches 3 SWR50","3.15","0
","أضف خصم
"
"2281","
","Smart Watches 3 SWR50","6.55","0
","أضف خصم
"
"2280","
","Smart Watches 3 SWR50","9.88","0
","أضف خصم
"
"2277","
","Smart Watches 3 SWR50","6.98","0
","أضف خصم
"
"2275","
","Smart Watches 3 SWR50","1.22","0
","أضف خصم
"
"2274","
","Smart Watches 3 SWR50","1.24","0
","أضف خصم
"
"2273","
","Smart Watches 3 SWR50","7.97","0
","أضف خصم
"
"2271","
","Smart Watches 3 SWR50","4.02","0
","أضف خصم
"
"2270","
","Smart Watches 3 SWR50","5.51","0
","أضف خصم
"
"2261","
","Smart Watches 3 SWR50","9.83","0
","أضف خصم
"
"2259","
","Smart Watches 3 SWR50","4.74","0
","أضف خصم
"
"2255","
","Smart Watches 3 SWR50","8.7","0
","أضف خصم
"
"2250","
","Smart Watches 3 SWR50","1.43","0
","أضف خصم
"
"2249","
","Smart Watches 3 SWR50","1.77","0
","أضف خصم
"
"2248","
","Smart Watches 3 SWR50","9.01","0
","أضف خصم
"
"2242","
","Smart Watches 3 SWR50","2.88","0
","أضف خصم
"
"2241","
","Smart Watches 3 SWR50","9.6","0
","أضف خصم
"
"2239","
","Smart Watches 3 SWR50","1.92","0
","أضف خصم
"
"2232","
","Smart Watches 3 SWR50","7.19","0
","أضف خصم
"
"2231","
","Smart Watches 3 SWR50","8.04","0
","أضف خصم
"
"2230","
","Smart Watches 3 SWR50","4.49","0
","أضف خصم
"
"2213","
","Smart Watches 3 SWR50","9.67","0
","أضف خصم
"
"2210","
","Smart Watches 3 SWR50","6.06","0
","أضف خصم
"
"2209","
","Smart Watches 3 SWR50","1.93","0
","أضف خصم
"
"2208","
","Smart Watches 3 SWR50","6.12","0
","أضف خصم
"
"2205","
","Smart Watches 3 SWR50","1.21","0
","أضف خصم
"
"2201","
","Smart Watches 3 SWR50","1.1","0
","أضف خصم
"
"2191","
","Smart Watches 3 SWR50","5.83","0
","أضف خصم
"
"2183","
","Smart Watches 3 SWR50","5.56","0
","أضف خصم
"
"2180","
","Smart Watches 3 SWR50","5.03","0
","أضف خصم
"
"2177","
","Smart Watches 3 SWR50","1.15","0
","أضف خصم
"
"2176","
","Smart Watches 3 SWR50","2.7","0
","أضف خصم
"
"2171","
","Smart Watches 3 SWR50","1.98","0
","أضف خصم
"
"2170","
","Smart Watches 3 SWR50","4.64","0
","أضف خصم
"
"2165","
","Smart Watches 3 SWR50","5.19","0
","أضف خصم
"
"2163","
","Smart Watches 3 SWR50","9.25","0
","أضف خصم
"
"2160","
","Smart Watches 3 SWR50","7.83","0
","أضف خصم
"
"2157","
","Smart Watches 3 SWR50","6.77","0
","أضف خصم
"
"2151","
","Smart Watches 3 SWR50","1.15","0
","أضف خصم
"
"2150","
","Smart Watches 3 SWR50","8.84","0
","أضف خصم
"
"2149","
","Smart Watches 3 SWR50","6.17","0
","أضف خصم
"
"2140","
","Smart Watches 3 SWR50","2.04","0
","أضف خصم
"
"2138","
","Smart Watches 3 SWR50","4.32","0
","أضف خصم
"
"2136","
","Smart Watches 3 SWR50","4.47","0
","أضف خصم
"
"2134","
","Smart Watches 3 SWR50","2.64","0
","أضف خصم
"
"2119","
","Smart Watches 3 SWR50","3.66","0
","أضف خصم
"
"2117","
","Smart Watches 3 SWR50","1.25","0
","أضف خصم
"
"2111","
","Smart Watches 3 SWR50","9.77","0
","أضف خصم
"
"2098","
","Smart Watches 3 SWR50","3.83","0
","أضف خصم
"
"2095","
","Smart Watches 3 SWR50","6.34","0
","أضف خصم
"
"2094","
","Smart Watches 3 SWR50","8.6","0
","أضف خصم
"
"2093","
","Smart Watches 3 SWR50","5.43","0
","أضف خصم
"
"2092","
","Smart Watches 3 SWR50","7.27","0
","أضف خصم
"
"2081","
","Smart Watches 3 SWR50","9.09","0
","أضف خصم
"
"2078","
","Smart Watches 3 SWR50","7.78","0
","أضف خصم
"
"2076","
","Smart Watches 3 SWR50","8.11","0
","أضف خصم
"
"2072","
","Smart Watches 3 SWR50","8.78","0
","أضف خصم
"
"2059","
","Smart Watches 3 SWR50","4.31","0
","أضف خصم
"
"2056","
","Smart Watches 3 SWR50","4.52","0
","أضف خصم
"
"2054","
","Smart Watches 3 SWR50","5.66","0
","أضف خصم
"
"2044","
","Smart Watches 3 SWR50","2.19","0
","أضف خصم
"
"2033","
","Smart Watches 3 SWR50","3.1","0
","أضف خصم
"
"2031","
","Smart Watches 3 SWR50","5.26","0
","أضف خصم
"
"2026","
","Smart Watches 3 SWR50","5.43","0
","أضف خصم
"
"2024","
","Smart Watches 3 SWR50","6.8","0
","أضف خصم
"
"2023","
","Smart Watches 3 SWR50","1.38","0
","أضف خصم
"
"2017","
","Smart Watches 3 SWR50","9.63","0
","أضف خصم
"
"2016","
","Smart Watches 3 SWR50","3.99","0
","أضف خصم
"
"2010","
","Smart Watches 3 SWR50","8.95","0
","أضف خصم
"
"2005","
","Smart Watches 3 SWR50","1.81","0
","أضف خصم
"
"2004","
","Smart Watches 3 SWR50","3.05","0
","أضف خصم
"
"1996","
","Smart Watches 3 SWR50","3.95","0
","أضف خصم
"
"1991","
","Smart Watches 3 SWR50","3.22","0
","أضف خصم
"
"1989","
","Smart Watches 3 SWR50","8.29","0
","أضف خصم
"
"1987","
","Smart Watches 3 SWR50","7.02","0
","أضف خصم
"
"1983","
","Smart Watches 3 SWR50","9.75","0
","أضف خصم
"
"1975","
","Smart Watches 3 SWR50","2.74","0
","أضف خصم
"
"1973","
","Smart Watches 3 SWR50","4.06","0
","أضف خصم
"
"1967","
","Smart Watches 3 SWR50","7.47","0
","أضف خصم
"
"1966","
","Smart Watches 3 SWR50","2.92","0
","أضف خصم
"
"1961","
","Smart Watches 3 SWR50","1.59","0
","أضف خصم
"
"1950","
","Smart Watches 3 SWR50","9.84","0
","أضف خصم
"
"1948","
","Smart Watches 3 SWR50","9.94","0
","أضف خصم
"
"1945","
","Smart Watches 3 SWR50","8.45","0
","أضف خصم
"
"1943","
","Smart Watches 3 SWR50","2.18","0
","أضف خصم
"
"1942","
","Smart Watches 3 SWR50","9.1","0
","أضف خصم
"
"1933","
","Smart Watches 3 SWR50","9.57","0
","أضف خصم
"
"1932","
","Smart Watches 3 SWR50","7.77","0
","أضف خصم
"
"1929","
","Smart Watches 3 SWR50","4.18","0
","أضف خصم
"
"1928","
","Smart Watches 3 SWR50","9.8","0
","أضف خصم
"
"1927","
","Smart Watches 3 SWR50","2.76","0
","أضف خصم
"
"1926","
","Smart Watches 3 SWR50","4","0
","أضف خصم
"
"1925","
","Smart Watches 3 SWR50","7.74","0
","أضف خصم
"
"1922","
","Smart Watches 3 SWR50","6.22","0
","أضف خصم
"
"1911","
","Smart Watches 3 SWR50","9.41","0
","أضف خصم
"
"1910","
","Smart Watches 3 SWR50","3.62","0
","أضف خصم
"
"1907","
","Smart Watches 3 SWR50","4","0
","أضف خصم
"
"1905","
","Smart Watches 3 SWR50","5.15","0
","أضف خصم
"
"1904","
","Smart Watches 3 SWR50","1.52","0
","أضف خصم
"
"1895","
","Smart Watches 3 SWR50","3.21","0
","أضف خصم
"
"1893","
","Smart Watches 3 SWR50","7.72","0
","أضف خصم
"
"1887","
","Smart Watches 3 SWR50","8.59","0
","أضف خصم
"
"1885","
","Smart Watches 3 SWR50","7.17","0
","أضف خصم
"
"1884","
","Smart Watches 3 SWR50","1.3","0
","أضف خصم
"
"1878","
","Smart Watches 3 SWR50","1.9","0
","أضف خصم
"
"1876","
","Smart Watches 3 SWR50","1.27","0
","أضف خصم
"
"1875","
","Smart Watches 3 SWR50","6.35","0
","أضف خصم
"
"1870","
","Smart Watches 3 SWR50","3.41","0
","أضف خصم
"
"1868","
","Smart Watches 3 SWR50","7.99","0
","أضف خصم
"
"1867","
","Smart Watches 3 SWR50","7.98","0
","أضف خصم
"
"1858","
","Smart Watches 3 SWR50","3.13","0
","أضف خصم
"
"1855","
","Smart Watches 3 SWR50","7.06","0
","أضف خصم
"
"1854","
","Smart Watches 3 SWR50","5.98","0
","أضف خصم
"
"1850","
","Smart Watches 3 SWR50","6.93","0
","أضف خصم
"
"1836","
","Smart Watches 3 SWR50","8.43","0
","أضف خصم
"
"1832","
","Smart Watches 3 SWR50","3.1","0
","أضف خصم
"
"1831","
","Smart Watches 3 SWR50","7.04","0
","أضف خصم
"
"1829","
","Smart Watches 3 SWR50","9.41","0
","أضف خصم
"
"1825","
","Smart Watches 3 SWR50","1.25","0
","أضف خصم
"
"1802","
","Smart Watches 3 SWR50","1.54","0
","أضف خصم
"
"1801","
","Smart Watches 3 SWR50","9.6","0
","أضف خصم
"
"1800","
","Smart Watches 3 SWR50","6.97","0
","أضف خصم
"
"1790","
","Smart Watches 3 SWR50","1.05","0
","أضف خصم
"
"1789","
","Smart Watches 3 SWR50","2.12","0
","أضف خصم
"
"1787","
","Smart Watches 3 SWR50","2.21","0
","أضف خصم
"
"1777","
","Smart Watches 3 SWR50","2.31","0
","أضف خصم
"
"1774","
","Smart Watches 3 SWR50","5.75","0
","أضف خصم
"
"1773","
","Smart Watches 3 SWR50","7.13","0
","أضف خصم
"
"1771","
","Smart Watches 3 SWR50","2.44","0
","أضف خصم
"
"1770","
","Smart Watches 3 SWR50","3.23","0
","أضف خصم
"
"1769","
","Smart Watches 3 SWR50","2.48","0
","أضف خصم
"
"1768","
","Smart Watches 3 SWR50","3.9","0
","أضف خصم
"
"1767","
","Smart Watches 3 SWR50","2.55","0
","أضف خصم
"
"1763","
","Smart Watches 3 SWR50","2.55","0
","أضف خصم
"
"1762","
","Smart Watches 3 SWR50","7.89","0
","أضف خصم
"
"1757","
","Smart Watches 3 SWR50","8.14","0
","أضف خصم
"
"1755","
","Smart Watches 3 SWR50","1.24","0
","أضف خصم
"
"1754","
","Smart Watches 3 SWR50","3.03","0
","أضف خصم
"
"1753","
","Smart Watches 3 SWR50","7.89","0
","أضف خصم
"
"1749","
","Smart Watches 3 SWR50","2.25","0
","أضف خصم
"
"1731","
","Smart Watches 3 SWR50","6.06","0
","أضف خصم
"
"1727","
","Smart Watches 3 SWR50","9.5","0
","أضف خصم
"
"1726","
","Smart Watches 3 SWR50","4.61","0
","أضف خصم
"
"1725","
","Smart Watches 3 SWR50","5.42","0
","أضف خصم
"
"1722","
","Smart Watches 3 SWR50","1.57","0
","أضف خصم
"
"1719","
","Smart Watches 3 SWR50","8.04","0
","أضف خصم
"
"1718","
","Smart Watches 3 SWR50","9.48","0
","أضف خصم
"
"1717","
","Smart Watches 3 SWR50","3.37","0
","أضف خصم
"
"1715","
","Smart Watches 3 SWR50","7.05","0
","أضف خصم
"
"1714","
","Smart Watches 3 SWR50","5.75","0
","أضف خصم
"
"1709","
","Smart Watches 3 SWR50","6.12","0
","أضف خصم
"
"1708","
","Smart Watches 3 SWR50","9.88","0
","أضف خصم
"
"1707","
","Smart Watches 3 SWR50","4.55","0
","أضف خصم
"
"1705","
","Smart Watches 3 SWR50","5.81","0
","أضف خصم
"
"1691","
","Smart Watches 3 SWR50","2.93","0
","أضف خصم
"
"1690","
","Smart Watches 3 SWR50","4.72","0
","أضف خصم
"
"1688","
","Smart Watches 3 SWR50","3.36","0
","أضف خصم
"
"1684","
","Smart Watches 3 SWR50","5.67","0
","أضف خصم
"
"1680","
","Smart Watches 3 SWR50","8.58","0
","أضف خصم
"
"1679","
","Smart Watches 3 SWR50","1.37","0
","أضف خصم
"
"1678","
","Smart Watches 3 SWR50","8.72","0
","أضف خصم
"
"1677","
","Smart Watches 3 SWR50","4.49","0
","أضف خصم
"
"1676","
","Smart Watches 3 SWR50","1.83","0
","أضف خصم
"
"1675","
","Smart Watches 3 SWR50","4.33","0
","أضف خصم
"
"1670","
","Smart Watches 3 SWR50","8.69","0
","أضف خصم
"
"1665","
","Smart Watches 3 SWR50","1.9","0
","أضف خصم
"
"1663","
","Smart Watches 3 SWR50","6.61","0
","أضف خصم
"
"1655","
","Smart Watches 3 SWR50","3.66","0
","أضف خصم
"
"1654","
","Smart Watches 3 SWR50","3.3","0
","أضف خصم
"
"1649","
","Smart Watches 3 SWR50","1.27","0
","أضف خصم
"
"1643","
","Smart Watches 3 SWR50","8.4","0
","أضف خصم
"
"1642","
","Smart Watches 3 SWR50","2.97","0
","أضف خصم
"
"1629","
","Smart Watches 3 SWR50","9.59","0
","أضف خصم
"
"1623","
","Smart Watches 3 SWR50","4.8","0
","أضف خصم
"
"1620","
","Smart Watches 3 SWR50","3.07","0
","أضف خصم
"
"1617","
","Smart Watches 3 SWR50","5.97","0
","أضف خصم
"
"1616","
","Smart Watches 3 SWR50","9.37","0
","أضف خصم
"
"1612","
","Smart Watches 3 SWR50","4.12","0
","أضف خصم
"
"1609","
","Smart Watches 3 SWR50","4.7","0
","أضف خصم
"
"1604","
","Smart Watches 3 SWR50","7.03","0
","أضف خصم
"
"1602","
","Smart Watches 3 SWR50","4.56","0
","أضف خصم
"
"1599","
","Smart Watches 3 SWR50","5.8","0
","أضف خصم
"
"1594","
","Smart Watches 3 SWR50","3","0
","أضف خصم
"
"1592","
","Smart Watches 3 SWR50","3.25","0
","أضف خصم
"
"1588","
","Smart Watches 3 SWR50","5.81","0
","أضف خصم
"
"1586","
","Smart Watches 3 SWR50","7.74","0
","أضف خصم
"
"1581","
","Smart Watches 3 SWR50","8.87","0
","أضف خصم
"
"1577","
","Smart Watches 3 SWR50","2.86","0
","أضف خصم
"
"1575","
","Smart Watches 3 SWR50","9.88","0
","أضف خصم
"
"1570","
","Smart Watches 3 SWR50","9.1","0
","أضف خصم
"
"1564","
","Smart Watches 3 SWR50","8.03","0
","أضف خصم
"
"1559","
","Smart Watches 3 SWR50","8.01","0
","أضف خصم
"
"1557","
","Smart Watches 3 SWR50","2.12","0
","أضف خصم
"
"1552","
","Smart Watches 3 SWR50","5.47","0
","أضف خصم
"
"1547","
","Smart Watches 3 SWR50","2.67","0
","أضف خصم
"
"1544","
","Smart Watches 3 SWR50","6.68","0
","أضف خصم
"
"1541","
","Smart Watches 3 SWR50","4.41","0
","أضف خصم
"
"1537","
","Smart Watches 3 SWR50","9.05","0
","أضف خصم
"
"1536","
","Smart Watches 3 SWR50","6.38","0
","أضف خصم
"
"1519","
","Smart Watches 3 SWR50","5.27","0
","أضف خصم
"
"1517","
","Smart Watches 3 SWR50","5.96","0
","أضف خصم
"
"1516","
","Smart Watches 3 SWR50","1.16","0
","أضف خصم
"
"1512","
","Smart Watches 3 SWR50","3.17","0
","أضف خصم
"
"1502","
","Smart Watches 3 SWR50","1.67","0
","أضف خصم
"
"1501","
","Smart Watches 3 SWR50","9.39","0
","أضف خصم
"
"1498","
","Smart Watches 3 SWR50","1.07","0
","أضف خصم
"
"1492","
","Smart Watches 3 SWR50","1.74","0
","أضف خصم
"
"1488","
","Smart Watches 3 SWR50","8.1","0
","أضف خصم
"
"1477","
","Smart Watches 3 SWR50","5.99","0
","أضف خصم
"
"1476","
","Smart Watches 3 SWR50","6.14","0
","أضف خصم
"
"1473","
","Smart Watches 3 SWR50","1.63","0
","أضف خصم
"
"1472","
","Smart Watches 3 SWR50","5.83","0
","أضف خصم
"
"1468","
","Smart Watches 3 SWR50","2.88","0
","أضف خصم
"
"1467","
","Smart Watches 3 SWR50","2.36","0
","أضف خصم
"
"1451","
","Smart Watches 3 SWR50","8.35","0
","أضف خصم
"
"1447","
","Smart Watches 3 SWR50","6.5","0
","أضف خصم
"
"1445","
","Smart Watches 3 SWR50","9.6","0
","أضف خصم
"
"1444","
","Smart Watches 3 SWR50","7.47","0
","أضف خصم
"
"1443","
","Smart Watches 3 SWR50","7.94","0
","أضف خصم
"
"1438","
","Smart Watches 3 SWR50","8.21","0
","أضف خصم
"
"1436","
","Smart Watches 3 SWR50","1.54","0
","أضف خصم
"
"1433","
","Smart Watches 3 SWR50","4.82","0
","أضف خصم
"
"1431","
","Smart Watches 3 SWR50","3.38","0
","أضف خصم
"
"1429","
","Smart Watches 3 SWR50","8.12","0
","أضف خصم
"
"1428","
","Smart Watches 3 SWR50","9.48","0
","أضف خصم
"
"1427","
","Smart Watches 3 SWR50","4.28","0
","أضف خصم
"
"1420","
","Smart Watches 3 SWR50","2.74","0
","أضف خصم
"
"1418","
","Smart Watches 3 SWR50","5.7","0
","أضف خصم
"
"1410","
","Smart Watches 3 SWR50","8.01","0
","أضف خصم
"
"1408","
","Smart Watches 3 SWR50","4.04","0
","أضف خصم
"
"1395","
","Smart Watches 3 SWR50","2.64","0
","أضف خصم
"
"1390","
","Smart Watches 3 SWR50","1.62","0
","أضف خصم
"
"1389","
","Smart Watches 3 SWR50","5.24","0
","أضف خصم
"
"1377","
","Smart Watches 3 SWR50","9.08","0
","أضف خصم
"
"1375","
","Smart Watches 3 SWR50","6.61","0
","أضف خصم
"
"1372","
","Smart Watches 3 SWR50","8","0
","أضف خصم
"
"1368","
","Smart Watches 3 SWR50","5.24","0
","أضف خصم
"
"1364","
","Smart Watches 3 SWR50","9.37","0
","أضف خصم
"
"1362","
","Smart Watches 3 SWR50","6.52","0
","أضف خصم
"
"1361","
","Smart Watches 3 SWR50","4.37","0
","أضف خصم
"
"1357","
","Smart Watches 3 SWR50","1.16","0
","أضف خصم
"
"1354","
","Smart Watches 3 SWR50","1.18","0
","أضف خصم
"
"1349","
","Smart Watches 3 SWR50","6.58","0
","أضف خصم
"
"1348","
","Smart Watches 3 SWR50","1.45","0
","أضف خصم
"
"1347","
","Smart Watches 3 SWR50","4.7","0
","أضف خصم
"
"1344","
","Smart Watches 3 SWR50","7.73","0
","أضف خصم
"
"1341","
","Smart Watches 3 SWR50","6.63","0
","أضف خصم
"
"1340","
","Smart Watches 3 SWR50","7.93","0
","أضف خصم
"
"1338","
","Smart Watches 3 SWR50","4.98","0
","أضف خصم
"
"1337","
","Smart Watches 3 SWR50","6.24","0
","أضف خصم
"
"1336","
","Smart Watches 3 SWR50","6.3","0
","أضف خصم
"
"1335","
","Smart Watches 3 SWR50","9.56","0
","أضف خصم
"
"1334","
","Smart Watches 3 SWR50","5.1","0
","أضف خصم
"
"1333","
","Smart Watches 3 SWR50","9.21","0
","أضف خصم
"
"1327","
","Smart Watches 3 SWR50","5.66","0
","أضف خصم
"
"1315","
","Smart Watches 3 SWR50","4.51","0
","أضف خصم
"
"1312","
","Smart Watches 3 SWR50","6.2","0
","أضف خصم
"
"1309","
","Smart Watches 3 SWR50","3.13","0
","أضف خصم
"
"1307","
","Smart Watches 3 SWR50","6.4","0
","أضف خصم
"
"1300","
","Smart Watches 3 SWR50","3.25","0
","أضف خصم
"
"1297","
","Smart Watches 3 SWR50","9.29","0
","أضف خصم
"
"1293","
","Smart Watches 3 SWR50","1.6","0
","أضف خصم
"
"1292","
","Smart Watches 3 SWR50","4.22","0
","أضف خصم
"
"1287","
","Smart Watches 3 SWR50","1.01","0
","أضف خصم
"
"1284","
","Smart Watches 3 SWR50","7.03","0
","أضف خصم
"
"1281","
","Smart Watches 3 SWR50","8.08","0
","أضف خصم
"
"1276","
","Smart Watches 3 SWR50","8.8","0
","أضف خصم
"
"1274","
","Smart Watches 3 SWR50","8.95","0
","أضف خصم
"
"1272","
","Smart Watches 3 SWR50","6.31","0
","أضف خصم
"
"1267","
","Smart Watches 3 SWR50","8.38","0
","أضف خصم
"
"1264","
","Smart Watches 3 SWR50","5.27","0
","أضف خصم
"
"1256","
","Smart Watches 3 SWR50","8.39","0
","أضف خصم
"
"1252","
","Smart Watches 3 SWR50","3.24","0
","أضف خصم
"
"1251","
","Smart Watches 3 SWR50","8.85","0
","أضف خصم
"
"1250","
","Smart Watches 3 SWR50","3.59","0
","أضف خصم
"
"1240","
","Smart Watches 3 SWR50","7.59","0
","أضف خصم
"
"1235","
","Smart Watches 3 SWR50","5.56","0
","أضف خصم
"
"1233","
","Smart Watches 3 SWR50","7.83","0
","أضف خصم
"
"1231","
","Smart Watches 3 SWR50","5.27","0
","أضف خصم
"
"1229","
","Smart Watches 3 SWR50","9.83","0
","أضف خصم
"
"1228","
","Smart Watches 3 SWR50","1.29","0
","أضف خصم
"
"1226","
","Smart Watches 3 SWR50","5.2","0
","أضف خصم
"
"1225","
","Smart Watches 3 SWR50","8.08","0
","أضف خصم
"
"1221","
","Smart Watches 3 SWR50","8.48","0
","أضف خصم
"
"1209","
","Smart Watches 3 SWR50","5.5","0
","أضف خصم
"
"1207","
","Smart Watches 3 SWR50","8.5","0
","أضف خصم
"
"1202","
","Smart Watches 3 SWR50","2.71","0
","أضف خصم
"
"1200","
","Smart Watches 3 SWR50","6.97","0
","أضف خصم
"
"1195","
","Smart Watches 3 SWR50","7.94","0
","أضف خصم
"
"1192","
","Smart Watches 3 SWR50","9.17","0
","أضف خصم
"
"1190","
","Smart Watches 3 SWR50","5.66","0
","أضف خصم
"
"1185","
","Smart Watches 3 SWR50","6.46","0
","أضف خصم
"
"1175","
","Smart Watches 3 SWR50","9.26","0
","أضف خصم
"
"1171","
","Smart Watches 3 SWR50","1.79","0
","أضف خصم
"
"1157","
","Smart Watches 3 SWR50","4.67","0
","أضف خصم
"
"1154","
","Smart Watches 3 SWR50","9.92","0
","أضف خصم
"
"1152","
","Smart Watches 3 SWR50","8.86","0
","أضف خصم
"
"1151","
","Smart Watches 3 SWR50","9.87","0
","أضف خصم
"
"1147","
","Smart Watches 3 SWR50","9.9","0
","أضف خصم
"
"1146","
","Smart Watches 3 SWR50","9.41","0
","أضف خصم
"
"1143","
","Smart Watches 3 SWR50","3.3","0
","أضف خصم
"
"1136","
","Smart Watches 3 SWR50","9.17","0
","أضف خصم
"
"1134","
","Smart Watches 3 SWR50","7.36","0
","أضف خصم
"
"1129","
","Smart Watches 3 SWR50","7.02","0
","أضف خصم
"
"1121","
","Smart Watches 3 SWR50","1.97","0
","أضف خصم
"
"1108","
","Smart Watches 3 SWR50","4.22","0
","أضف خصم
"
"1107","
","Smart Watches 3 SWR50","3.27","0
","أضف خصم
"
"1106","
","Smart Watches 3 SWR50","7.52","0
","أضف خصم
"
"1104","
","Smart Watches 3 SWR50","5.58","0
","أضف خصم
"
"1098","
","Smart Watches 3 SWR50","3.37","0
","أضف خصم
"
"1088","
","Smart Watches 3 SWR50","1.53","0
","أضف خصم
"
"1086","
","Smart Watches 3 SWR50","3.18","0
","أضف خصم
"
"1082","
","Smart Watches 3 SWR50","4.2","0
","أضف خصم
"
"1076","
","Smart Watches 3 SWR50","3.98","0
","أضف خصم
"
"1069","
","Smart Watches 3 SWR50","1.37","0
","أضف خصم
"
"1067","
","Smart Watches 3 SWR50","4.36","0
","أضف خصم
"
"1060","
","Smart Watches 3 SWR50","5.22","0
","أضف خصم
"
"1057","
","Smart Watches 3 SWR50","5.36","0
","أضف خصم
"
"1056","
","Smart Watches 3 SWR50","9.94","0
","أضف خصم
"
"1055","
","Smart Watches 3 SWR50","8.97","0
","أضف خصم
"
"1053","
","Smart Watches 3 SWR50","7.79","0
","أضف خصم
"
"1049","
","Smart Watches 3 SWR50","1.34","0
","أضف خصم
"
"1047","
","Smart Watches 3 SWR50","8.93","0
","أضف خصم
"
"1044","
","Smart Watches 3 SWR50","7.39","0
","أضف خصم
"
"1039","
","Smart Watches 3 SWR50","3.18","0
","أضف خصم
"
"1038","
","Smart Watches 3 SWR50","2.05","0
","أضف خصم
"
"1032","
","Smart Watches 3 SWR50","3.02","0
","أضف خصم
"
"1027","
","Smart Watches 3 SWR50","8.02","0
","أضف خصم
"
"1026","
","Smart Watches 3 SWR50","1","0
","أضف خصم
"
"1019","
","Smart Watches 3 SWR50","3","0
","أضف خصم
"
"1014","
","Smart Watches 3 SWR50","3.26","0
","أضف خصم
"
"1010","
","Smart Watches 3 SWR50","5.69","0
","أضف خصم
"
"1008","
","Smart Watches 3 SWR50","5.19","0
","أضف خصم
"
"1002","
","Smart Watches 3 SWR50","8.27","0
","أضف خصم
"
"999","
","Smart Watches 3 SWR50","1.82","0
","أضف خصم
"
"992","
","Smart Watches 3 SWR50","5.18","0
","أضف خصم
"
"986","
","Smart Watches 3 SWR50","1.14","0
","أضف خصم
"
"977","
","Smart Watches 3 SWR50","4.88","0
","أضف خصم
"
"974","
","Smart Watches 3 SWR50","5.97","0
","أضف خصم
"
"967","
","Smart Watches 3 SWR50","5.14","0
","أضف خصم
"
"965","
","Smart Watches 3 SWR50","3.25","0
","أضف خصم
"
"964","
","Smart Watches 3 SWR50","9.13","0
","أضف خصم
"
"960","
","Smart Watches 3 SWR50","2.68","0
","أضف خصم
"
"956","
","Smart Watches 3 SWR50","7.7","0
","أضف خصم
"
"955","
","Smart Watches 3 SWR50","6.36","0
","أضف خصم
"
"951","
","Smart Watches 3 SWR50","1.34","0
","أضف خصم
"
"945","
","Smart Watches 3 SWR50","9.56","0
","أضف خصم
"
"944","
","Smart Watches 3 SWR50","9.14","0
","أضف خصم
"
"941","
","Smart Watches 3 SWR50","9.33","0
","أضف خصم
"
"940","
","Smart Watches 3 SWR50","3.43","0
","أضف خصم
"
"938","
","Smart Watches 3 SWR50","6.56","0
","أضف خصم
"
"933","
","Smart Watches 3 SWR50","5.27","0
","أضف خصم
"
"928","
","Smart Watches 3 SWR50","7.61","0
","أضف خصم
"
"910","
","Smart Watches 3 SWR50","7.71","0
","أضف خصم
"
"904","
","Smart Watches 3 SWR50","5.28","0
","أضف خصم
"
"901","
","Smart Watches 3 SWR50","4.81","0
","أضف خصم
"
"900","
","Smart Watches 3 SWR50","4.1","0
","أضف خصم
"
"896","
","Smart Watches 3 SWR50","1.89","0
","أضف خصم
"
"895","
","Smart Watches 3 SWR50","3.76","0
","أضف خصم
"
"890","
","Smart Watches 3 SWR50","2.75","0
","أضف خصم
"
"883","
","Smart Watches 3 SWR50","9.86","0
","أضف خصم
"
"882","
","Smart Watches 3 SWR50","2.1","0
","أضف خصم
"
"877","
","Smart Watches 3 SWR50","5.93","0
","أضف خصم
"
"868","
","Smart Watches 3 SWR50","8.02","0
","أضف خصم
"
"863","
","Smart Watches 3 SWR50","5.14","0
","أضف خصم
"
"861","
","Smart Watches 3 SWR50","4.8","0
","أضف خصم
"
"860","
","Smart Watches 3 SWR50","8.63","0
","أضف خصم
"
"859","
","Smart Watches 3 SWR50","8.66","0
","أضف خصم
"
"853","
","Smart Watches 3 SWR50","9.36","0
","أضف خصم
"
"851","
","Smart Watches 3 SWR50","5.22","0
","أضف خصم
"
"846","
","Smart Watches 3 SWR50","3.33","0
","أضف خصم
"
"843","
","Smart Watches 3 SWR50","3.87","0
","أضف خصم
"
"842","
","Smart Watches 3 SWR50","6.25","0
","أضف خصم
"
"838","
","Smart Watches 3 SWR50","9.41","0
","أضف خصم
"
"837","
","Smart Watches 3 SWR50","9.37","0
","أضف خصم
"
"834","
","Smart Watches 3 SWR50","2.43","0
","أضف خصم
"
"833","
","Smart Watches 3 SWR50","7.3","0
","أضف خصم
"
"829","
","Smart Watches 3 SWR50","9.95","0
","أضف خصم
"
"825","
","Smart Watches 3 SWR50","6.57","0
","أضف خصم
"
"824","
","Smart Watches 3 SWR50","3.33","0
","أضف خصم
"
"820","
","Smart Watches 3 SWR50","8.62","0
","أضف خصم
"
"818","
","Smart Watches 3 SWR50","6.91","0
","أضف خصم
"
"817","
","Smart Watches 3 SWR50","1.85","0
","أضف خصم
"
"815","
","Smart Watches 3 SWR50","7.94","0
","أضف خصم
"
"813","
","Smart Watches 3 SWR50","8.87","0
","أضف خصم
"
"811","
","Smart Watches 3 SWR50","1.93","0
","أضف خصم
"
"804","
","Smart Watches 3 SWR50","3.65","0
","أضف خصم
"
"803","
","Smart Watches 3 SWR50","4.82","0
","أضف خصم
"
"801","
","Smart Watches 3 SWR50","9.53","0
","أضف خصم
"
"798","
","Smart Watches 3 SWR50","3.88","0
","أضف خصم
"
"797","
","Smart Watches 3 SWR50","1.04","0
","أضف خصم
"
"796","
","Smart Watches 3 SWR50","5.4","0
","أضف خصم
"
"786","
","Smart Watches 3 SWR50","7.43","0
","أضف خصم
"
"782","
","Smart Watches 3 SWR50","1.17","0
","أضف خصم
"
"776","
","Smart Watches 3 SWR50","4.47","0
","أضف خصم
"
"768","
","Smart Watches 3 SWR50","2.32","0
","أضف خصم
"
"766","
","Smart Watches 3 SWR50","4.27","0
","أضف خصم
"
"762","
","Smart Watches 3 SWR50","1.91","0
","أضف خصم
"
"760","
","Smart Watches 3 SWR50","2.25","0
","أضف خصم
"
"754","
","Smart Watches 3 SWR50","9.15","0
","أضف خصم
"
"740","
","Smart Watches 3 SWR50","3.51","0
","أضف خصم
"
"737","
","Smart Watches 3 SWR50","7.07","0
","أضف خصم
"
"731","
","Smart Watches 3 SWR50","8.33","0
","أضف خصم
"
"722","
","Smart Watches 3 SWR50","7.59","0
","أضف خصم
"
"715","
","Smart Watches 3 SWR50","1.01","0
","أضف خصم
"
"707","
","Smart Watches 3 SWR50","1.92","0
","أضف خصم
"
"706","
","Smart Watches 3 SWR50","1.75","0
","أضف خصم
"
"705","
","Smart Watches 3 SWR50","8.98","0
","أضف خصم
"
"700","
","Smart Watches 3 SWR50","5.88","0
","أضف خصم
"
"698","
","Smart Watches 3 SWR50","3.37","0
","أضف خصم
"
"697","
","Smart Watches 3 SWR50","6.55","0
","أضف خصم
"
"694","
","Smart Watches 3 SWR50","6.59","0
","أضف خصم
"
"691","
","Smart Watches 3 SWR50","4.09","0
","أضف خصم
"
"688","
","Smart Watches 3 SWR50","8.52","0
","أضف خصم
"
"680","
","Smart Watches 3 SWR50","8.96","0
","أضف خصم
"
"676","
","Smart Watches 3 SWR50","9.11","0
","أضف خصم
"
"675","
","Smart Watches 3 SWR50","6.49","0
","أضف خصم
"
"669","
","Smart Watches 3 SWR50","1.99","0
","أضف خصم
"
"668","
","Smart Watches 3 SWR50","3.14","0
","أضف خصم
"
"665","
","Smart Watches 3 SWR50","5.6","0
","أضف خصم
"
"659","
","Smart Watches 3 SWR50","7.46","0
","أضف خصم
"
"658","
","Smart Watches 3 SWR50","4.67","0
","أضف خصم
"
"657","
","Smart Watches 3 SWR50","1.63","0
","أضف خصم
"
"656","
","Smart Watches 3 SWR50","5.11","0
","أضف خصم
"
"654","
","Smart Watches 3 SWR50","6.19","0
","أضف خصم
"
"652","
","Smart Watches 3 SWR50","9.28","0
","أضف خصم
"
"648","
","Smart Watches 3 SWR50","5.61","0
","أضف خصم
"
"642","
","Smart Watches 3 SWR50","8.53","0
","أضف خصم
"
"641","
","Smart Watches 3 SWR50","6.59","0
","أضف خصم
"
"638","
","Smart Watches 3 SWR50","4.74","0
","أضف خصم
"
"636","
","Smart Watches 3 SWR50","3.32","0
","أضف خصم
"
"621","
","Smart Watches 3 SWR50","9.87","0
","أضف خصم
"
"618","
","Smart Watches 3 SWR50","1.33","0
","أضف خصم
"
"605","
","Smart Watches 3 SWR50","7.85","0
","أضف خصم
"
"604","
","Smart Watches 3 SWR50","4.93","0
","أضف خصم
"
"603","
","Smart Watches 3 SWR50","9.58","0
","أضف خصم
"
"602","
","Smart Watches 3 SWR50","8.57","0
","أضف خصم
"
"598","
","Smart Watches 3 SWR50","2.13","0
","أضف خصم
"
"597","
","Smart Watches 3 SWR50","9.82","0
","أضف خصم
"
"595","
","Smart Watches 3 SWR50","8.01","0
","أضف خصم
"
"594","
","Smart Watches 3 SWR50","9.9","0
","أضف خصم
"
"592","
","Smart Watches 3 SWR50","7.34","0
","أضف خصم
"
"591","
","Smart Watches 3 SWR50","2.18","0
","أضف خصم
"
"590","
","Smart Watches 3 SWR50","3.1","0
","أضف خصم
"
"588","
","Smart Watches 3 SWR50","5.71","0
","أضف خصم
"
"586","
","Smart Watches 3 SWR50","2.63","0
","أضف خصم
"
"581","
","Smart Watches 3 SWR50","7","0
","أضف خصم
"
"577","
","Smart Watches 3 SWR50","7.63","0
","أضف خصم
"
"574","
","Smart Watches 3 SWR50","4.58","0
","أضف خصم
"
"568","
","Smart Watches 3 SWR50","6.94","0
","أضف خصم
"
"566","
","Smart Watches 3 SWR50","8.5","0
","أضف خصم
"
"565","
","Smart Watches 3 SWR50","1.18","0
","أضف خصم
"
"558","
","Smart Watches 3 SWR50","5.43","0
","أضف خصم
"
"555","
","Smart Watches 3 SWR50","4.7","0
","أضف خصم
"
"553","
","Smart Watches 3 SWR50","6.75","0
","أضف خصم
"
"552","
","Smart Watches 3 SWR50","8.52","0
","أضف خصم
"
"550","
","Smart Watches 3 SWR50","3.79","0
","أضف خصم
"
"548","
","Smart Watches 3 SWR50","5.68","0
","أضف خصم
"
"547","
","Smart Watches 3 SWR50","5.18","0
","أضف خصم
"
"543","
","Smart Watches 3 SWR50","7.92","0
","أضف خصم
"
"540","
","Smart Watches 3 SWR50","6.33","0
","أضف خصم
"
"538","
","Smart Watches 3 SWR50","5.8","0
","أضف خصم
"
"533","
","Smart Watches 3 SWR50","6.74","0
","أضف خصم
"
"532","
","Smart Watches 3 SWR50","4.31","0
","أضف خصم
"
"529","
","Smart Watches 3 SWR50","2.9","0
","أضف خصم
"
"525","
","Smart Watches 3 SWR50","1.16","0
","أضف خصم
"
"523","
","Smart Watches 3 SWR50","1.7","0
","أضف خصم
"
"521","
","Smart Watches 3 SWR50","9.3","0
","أضف خصم
"
"520","
","Smart Watches 3 SWR50","8.6","0
","أضف خصم
"
"519","
","Smart Watches 3 SWR50","2.85","0
","أضف خصم
"
"514","
","Smart Watches 3 SWR50","2.06","0
","أضف خصم
"
"513","
","Smart Watches 3 SWR50","1.81","0
","أضف خصم
"
"508","
","Smart Watches 3 SWR50","2.01","0
","أضف خصم
"
"501","
","Smart Watches 3 SWR50","8.99","0
","أضف خصم
"
"494","
","Smart Watches 3 SWR50","6.2","0
","أضف خصم
"
"489","
","Smart Watches 3 SWR50","7.77","0
","أضف خصم
"
"486","
","Smart Watches 3 SWR50","7.35","0
","أضف خصم
"
"481","
","Smart Watches 3 SWR50","6.37","0
","أضف خصم
"
"477","
","Smart Watches 3 SWR50","2.9","0
","أضف خصم
"
"476","
","Smart Watches 3 SWR50","5.07","0
","أضف خصم
"
"474","
","Smart Watches 3 SWR50","3.45","0
","أضف خصم
"
"471","
","Smart Watches 3 SWR50","1.44","0
","أضف خصم
"
"470","
","Smart Watches 3 SWR50","2.59","0
","أضف خصم
"
"466","
","Smart Watches 3 SWR50","1.83","0
","أضف خصم
"
"462","
","Smart Watches 3 SWR50","8.44","0
","أضف خصم
"
"460","
","Smart Watches 3 SWR50","1.4","0
","أضف خصم
"
"459","
","Smart Watches 3 SWR50","8.7","0
","أضف خصم
"
"458","
","Smart Watches 3 SWR50","4.72","0
","أضف خصم
"
"454","
","Smart Watches 3 SWR50","6.5","0
","أضف خصم
"
"431","
","Smart Watches 3 SWR50","4.66","0
","أضف خصم
"
"426","
","Smart Watches 3 SWR50","5.79","0
","أضف خصم
"
"424","
","Smart Watches 3 SWR50","7.07","0
","أضف خصم
"
"423","
","Smart Watches 3 SWR50","3.81","0
","أضف خصم
"
"419","
","Smart Watches 3 SWR50","4.86","0
","أضف خصم
"
"413","
","Smart Watches 3 SWR50","3.73","0
","أضف خصم
"
"410","
","Smart Watches 3 SWR50","1.99","0
","أضف خصم
"
"409","
","Smart Watches 3 SWR50","2.89","0
","أضف خصم
"
"406","
","Smart Watches 3 SWR50","1.28","0
","أضف خصم
"
"405","
","Smart Watches 3 SWR50","2.53","0
","أضف خصم
"
"400","
","Smart Watches 3 SWR50","4.85","0
","أضف خصم
"
"399","
","Smart Watches 3 SWR50","5.28","0
","أضف خصم
"
"397","
","Smart Watches 3 SWR50","1.33","0
","أضف خصم
"
"393","
","Smart Watches 3 SWR50","3.89","0
","أضف خصم
"
"391","
","Smart Watches 3 SWR50","1.76","0
","أضف خصم
"
"390","
","Smart Watches 3 SWR50","3.62","0
","أضف خصم
"
"384","
","Smart Watches 3 SWR50","2.01","0
","أضف خصم
"
"383","
","Smart Watches 3 SWR50","3.55","0
","أضف خصم
"
"382","
","Smart Watches 3 SWR50","3.44","0
","أضف خصم
"
"379","
","Smart Watches 3 SWR50","9.67","0
","أضف خصم
"
"375","
","Smart Watches 3 SWR50","8.52","0
","أضف خصم
"
"374","
","Smart Watches 3 SWR50","9.85","0
","أضف خصم
"
"373","
","Smart Watches 3 SWR50","9.52","0
","أضف خصم
"
"367","
","Smart Watches 3 SWR50","1.9","0
","أضف خصم
"
"365","
","Smart Watches 3 SWR50","5.34","0
","أضف خصم
"
"364","
","Smart Watches 3 SWR50","8.9","0
","أضف خصم
"
"361","
","Smart Watches 3 SWR50","5.06","0
","أضف خصم
"
"357","
","Smart Watches 3 SWR50","9.34","0
","أضف خصم
"
"353","
","Smart Watches 3 SWR50","9.18","0
","أضف خصم
"
"352","
","Smart Watches 3 SWR50","6.38","0
","أضف خصم
"
"349","
","Smart Watches 3 SWR50","9.38","0
","أضف خصم
"
"348","
","Smart Watches 3 SWR50","6.95","0
","أضف خصم
"
"340","
","Smart Watches 3 SWR50","5.83","0
","أضف خصم
"
"336","
","Smart Watches 3 SWR50","4.04","0
","أضف خصم
"
"334","
","Smart Watches 3 SWR50","5.16","0
","أضف خصم
"
"333","
","Smart Watches 3 SWR50","2.26","0
","أضف خصم
"
"330","
","Smart Watches 3 SWR50","3.42","0
","أضف خصم
"
"329","
","Smart Watches 3 SWR50","4.54","0
","أضف خصم
"
"326","
","Smart Watches 3 SWR50","7.4","0
","أضف خصم
"
"321","
","Smart Watches 3 SWR50","3.25","0
","أضف خصم
"
"320","
","Smart Watches 3 SWR50","1.38","0
","أضف خصم
"
"318","
","Smart Watches 3 SWR50","7.65","0
","أضف خصم
"
"311","
","Smart Watches 3 SWR50","6.57","0
","أضف خصم
"
"307","
","Smart Watches 3 SWR50","4.22","0
","أضف خصم
"
"301","
","Smart Watches 3 SWR50","2.58","0
","أضف خصم
"
"300","
","Smart Watches 3 SWR50","9.58","0
","أضف خصم
"
"296","
","Smart Watches 3 SWR50","9.43","0
","أضف خصم
"
"293","
","Smart Watches 3 SWR50","8.99","0
","أضف خصم
"
"291","
","Smart Watches 3 SWR50","2.81","0
","أضف خصم
"
"290","
","Smart Watches 3 SWR50","5.62","0
","أضف خصم
"
"289","
","Smart Watches 3 SWR50","8.92","0
","أضف خصم
"
"280","
","Smart Watches 3 SWR50","1.81","0
","أضف خصم
"
"279","
","Smart Watches 3 SWR50","8.18","0
","أضف خصم
"
"270","
","Smart Watches 3 SWR50","4.43","0
","أضف خصم
"
"265","
","Smart Watches 3 SWR50","1.94","0
","أضف خصم
"
"251","
","Smart Watches 3 SWR50","4.37","0
","أضف خصم
"
"248","
","Smart Watches 3 SWR50","6.55","0
","أضف خصم
"
"247","
","Smart Watches 3 SWR50","7.13","0
","أضف خصم
"
"244","
","Smart Watches 3 SWR50","9.7","0
","أضف خصم
"
"241","
","Smart Watches 3 SWR50","5.42","0
","أضف خصم
"
"215","
","Smart Watches 3 SWR50","8.23","0
","أضف خصم
"
"212","
","Smart Watches 3 SWR50","5.61","0
","أضف خصم
"
"201","
","Smart Watches 3 SWR50","5.41","0
","أضف خصم
"
"199","
","Smart Watches 3 SWR50","5.98","0
","أضف خصم
"
"193","
","Smart Watches 3 SWR50","8.85","0
","أضف خصم
"
"189","
","Smart Watches 3 SWR50","6.17","0
","أضف خصم
"
"183","
","Smart Watches 3 SWR50","5.71","0
","أضف خصم
"
"181","
","Smart Watches 3 SWR50","6.9","0
","أضف خصم
"
"180","
","Smart Watches 3 SWR50","2.13","0
","أضف خصم
"
"179","
","Smart Watches 3 SWR50","3.98","0
","أضف خصم
"
"177","
","Smart Watches 3 SWR50","3.86","0
","أضف خصم
"
"175","
","Smart Watches 3 SWR50","9.32","0
","أضف خصم
"
"163","
","Smart Watches 3 SWR50","7.52","0
","أضف خصم
"
"161","
","Smart Watches 3 SWR50","8.4","0
","أضف خصم
"
"149","
","Smart Watches 3 SWR50","9.65","0
","أضف خصم
"
"148","
","Smart Watches 3 SWR50","1.02","0
","أضف خصم
"
"146","
","Smart Watches 3 SWR50","4.1","0
","أضف خصم
"
"130","
","Smart Watches 3 SWR50","8.2","0
","أضف خصم
"
"126","
","Smart Watches 3 SWR50","7.16","0
","أضف خصم
"
"122","
","Smart Watches 3 SWR50","2.32","0
","أضف خصم
"
"117","
","Smart Watches 3 SWR50","6.37","0
","أضف خصم
"
"116","
","Smart Watches 3 SWR50","1.89","0
","أضف خصم
"
"114","
","Smart Watches 3 SWR50","7.87","0
","أضف خصم
"
"113","
","Smart Watches 3 SWR50","4.29","0
","أضف خصم
"
"106","
","Smart Watches 3 SWR50","3.89","0
","أضف خصم
"
"105","
","Smart Watches 3 SWR50","9.42","0
","أضف خصم
"
"102","
","Smart Watches 3 SWR50","6.59","0
","أضف خصم
"
"99","
","Smart Watches 3 SWR50","2.56","0
","أضف خصم
"
"98","
","Smart Watches 3 SWR50","1.56","0
","أضف خصم
"
"92","
","Smart Watches 3 SWR50","3.91","0
","أضف خصم
"
"84","
","Smart Watches 3 SWR50","6.33","0
","أضف خصم
"
"81","
","Smart Watches 3 SWR50","8.95","0
","أضف خصم
"
"77","
","Smart Watches 3 SWR50","5.93","0
","أضف خصم
"
"76","
","Smart Watches 3 SWR50","3.21","0
","أضف خصم
"
"75","
","Smart Watches 3 SWR50","5.09","0
","أضف خصم
"
"74","
","Smart Watches 3 SWR50","3.17","0
","أضف خصم
"
"72","
","Smart Watches 3 SWR50","5.2","0
","أضف خصم
"
"69","
","Smart Watches 3 SWR50","3.4","0
","أضف خصم
"
"68","
","Smart Watches 3 SWR50","2.51","0
","أضف خصم
"
"67","
","Smart Watches 3 SWR50","4","0
","أضف خصم
"
"65","
","Smart Watches 3 SWR50","1.08","0
","أضف خصم
"
"55","
","Smart Watches 3 SWR50","5.04","0
","أضف خصم
"
"52","
","Smart Watches 3 SWR50","3.37","0
","أضف خصم
"
"50","
","Smart Watches 3 SWR50","1.3","0
","أضف خصم
"
"47","
","Smart Watches 3 SWR50","9.2","0
","أضف خصم
"
"45","
","Smart Watches 3 SWR50","6.82","0
","أضف خصم
"
"40","
","Smart Watches 3 SWR50","4.26","0
","أضف خصم
"
"39","
","Smart Watches 3 SWR50","9.77","0
","أضف خصم
"
"27","
","Smart Watches 3 SWR50","4.41","0
","أضف خصم
"
"25","
","Smart Watches 3 SWR50","4.75","0
","أضف خصم
"
"23","
","Smart Watches 3 SWR50","7.23","0
","أضف خصم
"
"19","
","Smart Watches 3 SWR50","7.89","0
","أضف خصم
"
"8","
","Smart Watches 3 SWR50","5.58","0
","أضف خصم
"
"4","
","Smart Watches 3 SWR50","1.06","0
","أضف خصم
"
"1","
","Smart Watches 3 SWR50","4.86","0
","أضف خصم
"
